{"polarity": -0.03418209876543209, "subjectivity": 0.5455173427395649}